/*  Lécu Régis
    Date   : 19 avril 2001

    Exercice 22 : script de test, remplissage de la base AirRegis
    SQL SERVER 7.0
*/

DELETE AFFECTATION
Go
DELETE AVION
go
DELETE VOL
go
DELETE TYPE
go
DELETE PILOTE
DELETE CONSTRUCTEUR
DELETE AEROPORT
Go

INSERT PILOTE
VALUES ('GAINSBOURG', 'Serge')
INSERT PILOTE
VALUES ('FERRAT', 'Jean')
INSERT PILOTE
VALUES ('NOUGARO', 'Claude')
INSERT PILOTE
VALUES ('SCHUMMAN', 'Robert')
INSERT PILOTE
VALUES ('STROGOFF', 'Michel')
INSERT PILOTE
VALUES ('SORREL', 'Lucien')
INSERT PILOTE
VALUES ('TAVERNIER', 'Bertrand')
INSERT PILOTE
VALUES ('FAYOLLE', 'Marc')
INSERT PILOTE
VALUES ('LECU',	'Régis')
go

INSERT CONSTRUCTEUR
VALUES ('Aérospatiale')
INSERT CONSTRUCTEUR
VALUES ('Boeing')
INSERT CONSTRUCTEUR
VALUES ('Cessna')
INSERT CONSTRUCTEUR
VALUES ('Douglas')

INSERT AEROPORT
VALUES ('BAS', 'Poretta', 'Bastia')
INSERT AEROPORT
VALUES ('BRI', 'Brive', 'Brive')
INSERT AEROPORT
VALUES ('GRE', 'Saint Geoir', 'Grenoble')		 	 
INSERT AEROPORT
VALUES ('LYS', 'Saint exupéry', 'Lyon')			 	
INSERT AEROPORT
VALUES ('NAN', 'Saint Herblain', 'Nantes')				 	
INSERT AEROPORT
VALUES ('NIC', 'Nice cote d''azur', 'Nice')	
INSERT AEROPORT
VALUES ('CDG', 'Roissy', 'Paris')				
INSERT AEROPORT
VALUES ('BLA', 'Blagnac', 'Toulouse')				
INSERT AEROPORT
VALUES ('ORL', 'Orly', 'Paris')		
go		

INSERT VOL
VALUES ('IT100', 'NIC', '07:00', 'CDG', '09:00')
INSERT VOL
VALUES('IT101', 'ORL', '11:00', 'BLA', '12:00')
INSERT VOL
VALUES('IT102', 'CDG', '12:00', 'NIC', '14:00')	 				
INSERT VOL
VALUES('IT103', 'GRE', '09:00:00', 'BLA', '11:00:00')	 	
INSERT VOL
VALUES('IT104', 'BLA', '17:00:00', 'GRE', '19:00:00')	
INSERT VOL
VALUES('IT105', 'LYS', '06:00:00', 'ORL', '07:00:00')	
INSERT VOL
VALUES('IT106', 'BAS', '10:00:00', 'ORL', '13:00:00')	
INSERT VOL
VALUES('IT107', 'NIC', '07:00:00', 'BRI', '08:00:00')	
INSERT VOL
VALUES('IT108', 'BRI', '19:00:00', 'ORL', '20:00:00')	
INSERT VOL
VALUES('IT109', 'NIC', '18:00:00', 'ORL', '19:00:00')	
INSERT VOL
VALUES('IT110', 'ORL', '15:00:00', 'NIC', '16:00:00')		
INSERT VOL
VALUES('IT111', 'NIC', '17:00:00', 'NAN', '19:00:00')			
go

INSERT TYPE
VALUES('A320', 300, 1)	
INSERT TYPE
VALUES('B707', 250, 2)
INSERT TYPE
VALUES('DC10', 200, 4)
INSERT TYPE
VALUES('B747', 400, 2)
INSERT TYPE
VALUES('ATR42', 50, 1)	
INSERT TYPE
VALUES('B727', 300, 2)			              	
INSERT TYPE
VALUES('A340', 350, 1)		
go	

INSERT AVION
VALUES ('A320', 'NIC')                			
INSERT AVION
VALUES ('B707', 'CDG')
INSERT AVION
VALUES ('A320', 'BLA')
INSERT AVION
VALUES ('DC10', 'BLA')
INSERT AVION
VALUES ('B747', 'ORL')
INSERT AVION
VALUES ('A320', 'GRE')
INSERT AVION
VALUES ('ATR42', 'CDG')
INSERT AVION
VALUES ('B727', 'LYS')                	
INSERT AVION
VALUES ('B727', 'NAN')
INSERT AVION
VALUES ('A340', 'BAS')
go

INSERT AFFECTATION
VALUES ('IT100', '06/04/01',100 ,1 )
INSERT AFFECTATION
VALUES ('IT101', '06/04/01',100 , 2)
INSERT AFFECTATION
VALUES ('IT102', '06/04/01',101 ,1 )
INSERT AFFECTATION
VALUES ('IT103', '06/04/01',105 ,3 )
INSERT AFFECTATION
VALUES ('IT104', '06/04/01',105 , 3)
INSERT AFFECTATION
VALUES ('IT106', '06/04/01',109 , 8)
INSERT AFFECTATION
VALUES ('IT107', '06/04/01',106 ,9 )	
INSERT AFFECTATION
VALUES ('IT108', '06/04/01',106, 9  )	
INSERT AFFECTATION
VALUES ('IT109', '06/04/01', 107, 7 )	
INSERT AFFECTATION
VALUES ('IT110', '06/04/01', 102, 2 )	
INSERT AFFECTATION
VALUES ('IT111', '06/04/01', 101, 4 )	
INSERT AFFECTATION
VALUES ('IT105', '06/04/01', 107, 7 )	
INSERT AFFECTATION
VALUES ('IT100', '07/04/01',101 , 2 )	
INSERT AFFECTATION
VALUES ('IT101', '07/04/01',103 , 4 )	
INSERT AFFECTATION
VALUES ('IT102', '07/04/01',102 , 3 )	
INSERT AFFECTATION
VALUES ('IT103', '07/04/01',104 , 2 )	
INSERT AFFECTATION
VALUES ('IT104', '07/04/01',107 , 8 )	
INSERT AFFECTATION
VALUES ('IT105', '07/04/01',106 , 7 )	
INSERT AFFECTATION
VALUES ('IT106', '07/04/01',104 , 5 )	
INSERT AFFECTATION
VALUES ('IT107', '07/04/01',103 , 8 )	
INSERT AFFECTATION
VALUES ('IT108', '07/04/01',106 , 5 )	
INSERT AFFECTATION
VALUES ('IT109', '07/04/01',105 , 1 )	     			
INSERT AFFECTATION
VALUES ('IT110', '07/04/01',104 , 3 )	
INSERT AFFECTATION
VALUES ('IT111', '07/04/01',100 , 8 )	
go	     					             